time,NODF
1_100,0
101_200,0
201_300,0.079734574
301_400,0.061381133
401_500,0.064108497
501_600,0.064250805
601_700,0.084191673
701_800,0.076976113
801_900,0.076059841
901_1000,0.071767404
1001_1100,0.067629709
1101_1200,0.06303204
1201_1300,0.062887372
1301_1400,0.060937749
1401_1500,0.060347658
1501_1600,0.059027028
1601_1700,0.05697676
1701_1800,0.05444344
1801_1900,0.05458192
1901_2016,0.05261233
